Community,Source ,Year,Type,HsehldswChildren,PCTUnder6,Under6,Proportion,    PCTUnder6and6to17 , Under6and6to17 ,AllUnder6,PropAll,Facet
NYS,https://data.census.gov/cedsci/table?q=ACSST1Y2010.S1101&g=0400000US36_0500000US36069_0600000US3606928640&tid=ACSST5Y2010.S1101&hidePreview=true&moe=false,2010,All,2137455,21.9,468103,1,19.3,412529,880632,1,2010-2017
NYS,https://data.census.gov/cedsci/table?q=ACSST1Y2010.S1101&g=0400000US36_0500000US36069_0600000US3606928640&tid=ACSST5Y2010.S1101&hidePreview=true&moe=false,2010,Two parents,1426459,23,328086,0.701,20.6,293851,621937,0.706,2010-2017
NYS,https://data.census.gov/cedsci/table?q=ACSST1Y2010.S1101&g=0400000US36_0500000US36069_0600000US3606928640&tid=ACSST5Y2010.S1101&hidePreview=true&moe=false,2010,Single father,145464,27.4,39857,0.085,14.2,20656,60513,0.069,2010-2017
NYS,https://data.census.gov/cedsci/table?q=ACSST1Y2010.S1101&g=0400000US36_0500000US36069_0600000US3606928640&tid=ACSST5Y2010.S1101&hidePreview=true&moe=false,2010,Single mother,565532,17.8,100665,0.215,17.5,98968,199633,0.227,2010-2017
Ontario,https://data.census.gov/cedsci/table?q=ACSST1Y2010.S1101&g=0400000US36_0500000US36069_0600000US3606928640&tid=ACSST5Y2010.S1101&hidePreview=true&moe=false,2010,All,12790,18.3,2341,1,15.8,2021,4362,1,2010-2017
Ontario,https://data.census.gov/cedsci/table?q=ACSST1Y2010.S1101&g=0400000US36_0500000US36069_0600000US3606928640&tid=ACSST5Y2010.S1101&hidePreview=true&moe=false,2010,Two parents,9140,18.5,1691,0.722,17,1554,3245,0.744,2010-2017
Ontario,https://data.census.gov/cedsci/table?q=ACSST1Y2010.S1101&g=0400000US36_0500000US36069_0600000US3606928640&tid=ACSST5Y2010.S1101&hidePreview=true&moe=false,2010,Single father,1030,27.6,284,0.121,12.2,126,410,0.094,2010-2017
Ontario,https://data.census.gov/cedsci/table?q=ACSST1Y2010.S1101&g=0400000US36_0500000US36069_0600000US3606928640&tid=ACSST5Y2010.S1101&hidePreview=true&moe=false,2010,Single mother,2620,13.7,359,0.153,12.9,338,697,0.16,2010-2017
Geneva,https://data.census.gov/cedsci/table?q=ACSST1Y2010.S1101&g=0400000US36_0500000US36069_0600000US3606928640&tid=ACSST5Y2010.S1101&hidePreview=true&moe=false,2010,All,1338,24.7,330,1,15.7,210,540,1,2010-2017
Geneva,https://data.census.gov/cedsci/table?q=ACSST1Y2010.S1101&g=0400000US36_0500000US36069_0600000US3606928640&tid=ACSST5Y2010.S1101&hidePreview=true&moe=false,2010,Two parents,713,21.6,154,0.467,21.2,151,305,0.565,2010-2017
Geneva,https://data.census.gov/cedsci/table?q=ACSST1Y2010.S1101&g=0400000US36_0500000US36069_0600000US3606928640&tid=ACSST5Y2010.S1101&hidePreview=true&moe=false,2010,Single father,112,35.7,40,0.121,0,0,40,0.074,2010-2017
Geneva,https://data.census.gov/cedsci/table?q=ACSST1Y2010.S1101&g=0400000US36_0500000US36069_0600000US3606928640&tid=ACSST5Y2010.S1101&hidePreview=true&moe=false,2010,Single mother,513,26.5,136,0.412,11.5,59,195,0.361,2010-2017
NYS,https://data.census.gov/cedsci/table?q=ACSST1Y2015.S1101&g=0400000US36_0500000US36069_0600000US3606928640&tid=ACSST5Y2015.S1101&hidePreview=true&moe=false,2015,All,2006845,21.9,439499,1,19.2,385314,824813,1,2010-2017
NYS,https://data.census.gov/cedsci/table?q=ACSST1Y2015.S1101&g=0400000US36_0500000US36069_0600000US3606928640&tid=ACSST5Y2015.S1101&hidePreview=true&moe=false,2015,Two parents,1320753,23,303773,0.691,20,264151,567924,0.689,2010-2017
NYS,https://data.census.gov/cedsci/table?q=ACSST1Y2015.S1101&g=0400000US36_0500000US36069_0600000US3606928640&tid=ACSST5Y2015.S1101&hidePreview=true&moe=false,2015,Single father,146909,25.9,38049,0.087,15.1,22183,60232,0.073,2010-2017
NYS,https://data.census.gov/cedsci/table?q=ACSST1Y2015.S1101&g=0400000US36_0500000US36069_0600000US3606928640&tid=ACSST5Y2015.S1101&hidePreview=true&moe=false,2015,Single mother,539183,17.9,96514,0.22,18.3,98670,195184,0.237,2010-2017
Ontario,https://data.census.gov/cedsci/table?q=ACSST1Y2015.S1101&g=0400000US36_0500000US36069_0600000US3606928640&tid=ACSST5Y2015.S1101&hidePreview=true&moe=false,2015,All,11768,20.9,2460,1,17.7,2083,4543,1,2010-2017
Ontario,https://data.census.gov/cedsci/table?q=ACSST1Y2015.S1101&g=0400000US36_0500000US36069_0600000US3606928640&tid=ACSST5Y2015.S1101&hidePreview=true&moe=false,2015,Two parents,7715,22,1697,0.69,19.8,1528,3225,0.71,2010-2017
Ontario,https://data.census.gov/cedsci/table?q=ACSST1Y2015.S1101&g=0400000US36_0500000US36069_0600000US3606928640&tid=ACSST5Y2015.S1101&hidePreview=true&moe=false,2015,Single father,1314,17,223,0.091,10.7,141,364,0.08,2010-2017
Ontario,https://data.census.gov/cedsci/table?q=ACSST1Y2015.S1101&g=0400000US36_0500000US36069_0600000US3606928640&tid=ACSST5Y2015.S1101&hidePreview=true&moe=false,2015,Single mother,2739,19.8,542,0.22,15.1,414,956,0.21,2010-2017
Geneva,https://data.census.gov/cedsci/table?q=ACSST1Y2015.S1101&g=0400000US36_0500000US36069_0600000US3606928640&tid=ACSST5Y2015.S1101&hidePreview=true&moe=false,2015,All,1172,26.2,307,1,23.3,273,580,1,2010-2017
Geneva,https://data.census.gov/cedsci/table?q=ACSST1Y2015.S1101&g=0400000US36_0500000US36069_0600000US3606928640&tid=ACSST5Y2015.S1101&hidePreview=true&moe=false,2015,Two parents,534,26.8,143,0.466,20.6,110,253,0.436,2010-2017
Geneva,https://data.census.gov/cedsci/table?q=ACSST1Y2015.S1101&g=0400000US36_0500000US36069_0600000US3606928640&tid=ACSST5Y2015.S1101&hidePreview=true&moe=false,2015,Single father,114,38.6,44,0.143,6.1,7,51,0.088,2010-2017
Geneva,https://data.census.gov/cedsci/table?q=ACSST1Y2015.S1101&g=0400000US36_0500000US36069_0600000US3606928640&tid=ACSST5Y2015.S1101&hidePreview=true&moe=false,2015,Single mother,524,22.9,120,0.391,29.8,156,276,0.476,2010-2017
NYS,https://data.census.gov/cedsci/table?q=ACSST1Y2012.S1101&g=0400000US36_0500000US36069_0600000US3606928640&tid=ACSST5Y2012.S1101&hidePreview=true&moe=false,2012,All,2092208,21.9,458194,1,19.3,403796,861990,1,Omitted
NYS,https://data.census.gov/cedsci/table?q=ACSST1Y2012.S1101&g=0400000US36_0500000US36069_0600000US3606928640&tid=ACSST5Y2012.S1101&hidePreview=true&moe=false,2012,Two parents,1380770,23,317577,0.693,20.3,280296,597873,0.694,Omitted
NYS,https://data.census.gov/cedsci/table?q=ACSST1Y2012.S1101&g=0400000US36_0500000US36069_0600000US3606928640&tid=ACSST5Y2012.S1101&hidePreview=true&moe=false,2012,Single father,146474,26.8,39255,0.086,15,21971,61226,0.071,Omitted
NYS,https://data.census.gov/cedsci/table?q=ACSST1Y2012.S1101&g=0400000US36_0500000US36069_0600000US3606928640&tid=ACSST5Y2012.S1101&hidePreview=true&moe=false,2012,Single mother,564964,18.1,102258,0.223,18,101694,203952,0.237,Omitted
Ontario,https://data.census.gov/cedsci/table?q=ACSST1Y2012.S1101&g=0400000US36_0500000US36069_0600000US3606928640&tid=ACSST5Y2012.S1101&hidePreview=true&moe=false,2012,All,12362,18.2,2250,1,17.6,2176,4426,1,Omitted
Ontario,https://data.census.gov/cedsci/table?q=ACSST1Y2012.S1101&g=0400000US36_0500000US36069_0600000US3606928640&tid=ACSST5Y2012.S1101&hidePreview=true&moe=false,2012,Two parents,8625,19.3,1665,0.74,18.6,1604,3269,0.739,Omitted
Ontario,https://data.census.gov/cedsci/table?q=ACSST1Y2012.S1101&g=0400000US36_0500000US36069_0600000US3606928640&tid=ACSST5Y2012.S1101&hidePreview=true&moe=false,2012,Single father,1191,22.5,268,0.119,15.2,181,449,0.101,Omitted
Ontario,https://data.census.gov/cedsci/table?q=ACSST1Y2012.S1101&g=0400000US36_0500000US36069_0600000US3606928640&tid=ACSST5Y2012.S1101&hidePreview=true&moe=false,2012,Single mother,2546,12.1,308,0.137,15.4,392,700,0.158,Omitted
Geneva,https://data.census.gov/cedsci/table?q=ACSST1Y2012.S1101&g=0400000US36_0500000US36069_0600000US3606928640&tid=ACSST5Y2012.S1101&hidePreview=true&moe=false,2012,All,1070,18.3,196,1,21.5,230,426,1,Omitted
Geneva,https://data.census.gov/cedsci/table?q=ACSST1Y2012.S1101&g=0400000US36_0500000US36069_0600000US3606928640&tid=ACSST5Y2012.S1101&hidePreview=true&moe=false,2012,Two parents,541,20.5,111,0.566,20.3,110,221,0.518,Omitted
Geneva,https://data.census.gov/cedsci/table?q=ACSST1Y2012.S1101&g=0400000US36_0500000US36069_0600000US3606928640&tid=ACSST5Y2012.S1101&hidePreview=true&moe=false,2012,Single father,76,19.7,15,0.077,21.1,16,31,0.073,Omitted
Geneva,https://data.census.gov/cedsci/table?q=ACSST1Y2012.S1101&g=0400000US36_0500000US36069_0600000US3606928640&tid=ACSST5Y2012.S1101&hidePreview=true&moe=false,2012,Single mother,453,15.5,70,0.357,23,104,174,0.409,Omitted
NYS,https://data.census.gov/cedsci/table?q=ACSST1Y2013.S1101&g=0400000US36_0500000US36069_0600000US3606928640&tid=ACSST5Y2013.S1101&hidePreview=true&moe=false,2013,All,2064518,22,454194,1,19.2,396387,850581,1,Omitted
NYS,https://data.census.gov/cedsci/table?q=ACSST1Y2013.S1101&g=0400000US36_0500000US36069_0600000US3606928640&tid=ACSST5Y2013.S1101&hidePreview=true&moe=false,2013,Two parents,1360315,23,312872,0.689,20.1,273423,586295,0.689,Omitted
NYS,https://data.census.gov/cedsci/table?q=ACSST1Y2013.S1101&g=0400000US36_0500000US36069_0600000US3606928640&tid=ACSST5Y2013.S1101&hidePreview=true&moe=false,2013,Single father,146061,26.4,38560,0.085,15,21909,60469,0.071,Omitted
NYS,https://data.census.gov/cedsci/table?q=ACSST1Y2013.S1101&g=0400000US36_0500000US36069_0600000US3606928640&tid=ACSST5Y2013.S1101&hidePreview=true&moe=false,2013,Single mother,558142,18.3,102140,0.225,18.3,102140,204280,0.24,Omitted
Ontario,https://data.census.gov/cedsci/table?q=ACSST1Y2013.S1101&g=0400000US36_0500000US36069_0600000US3606928640&tid=ACSST5Y2013.S1101&hidePreview=true&moe=false,2013,All,12360,19.3,2385,1,17.1,2114,4499,1,Omitted
Ontario,https://data.census.gov/cedsci/table?q=ACSST1Y2013.S1101&g=0400000US36_0500000US36069_0600000US3606928640&tid=ACSST5Y2013.S1101&hidePreview=true&moe=false,2013,Two parents,8374,20.3,1700,0.713,17.6,1474,3174,0.706,Omitted
Ontario,https://data.census.gov/cedsci/table?q=ACSST1Y2013.S1101&g=0400000US36_0500000US36069_0600000US3606928640&tid=ACSST5Y2013.S1101&hidePreview=true&moe=false,2013,Single father,1211,17.9,217,0.091,13.6,165,382,0.085,Omitted
Ontario,https://data.census.gov/cedsci/table?q=ACSST1Y2013.S1101&g=0400000US36_0500000US36069_0600000US3606928640&tid=ACSST5Y2013.S1101&hidePreview=true&moe=false,2013,Single mother,2775,16.9,469,0.197,17.1,475,944,0.21,Omitted
Geneva,https://data.census.gov/cedsci/table?q=ACSST1Y2013.S1101&g=0400000US36_0500000US36069_0600000US3606928640&tid=ACSST5Y2013.S1101&hidePreview=true&moe=false,2013,All,1098,20.7,227,1,22.7,249,476,1,Omitted
Geneva,https://data.census.gov/cedsci/table?q=ACSST1Y2013.S1101&g=0400000US36_0500000US36069_0600000US3606928640&tid=ACSST5Y2013.S1101&hidePreview=true&moe=false,2013,Two parents,571,24.7,141,0.621,17.2,98,239,0.502,Omitted
Geneva,https://data.census.gov/cedsci/table?q=ACSST1Y2013.S1101&g=0400000US36_0500000US36069_0600000US3606928640&tid=ACSST5Y2013.S1101&hidePreview=true&moe=false,2013,Single father,103,21.4,22,0.097,26.2,27,49,0.103,Omitted
Geneva,https://data.census.gov/cedsci/table?q=ACSST1Y2013.S1101&g=0400000US36_0500000US36069_0600000US3606928640&tid=ACSST5Y2013.S1101&hidePreview=true&moe=false,2013,Single mother,424,15.1,64,0.282,29.2,124,188,0.394,Omitted
NYS,https://data.census.gov/cedsci/table?q=ACSST1Y2014.S1101&g=0400000US36_0500000US36069_0600000US3606928640&tid=ACSST5Y2014.S1101&hidePreview=true&moe=false,2014,All,2033672,22,447408,1,19.2,390465,837873,1,Omitted
NYS,https://data.census.gov/cedsci/table?q=ACSST1Y2014.S1101&g=0400000US36_0500000US36069_0600000US3606928640&tid=ACSST5Y2014.S1101&hidePreview=true&moe=false,2014,Two parents,1338892,23.1,309284,0.691,20,267778,577062,0.689,Omitted
NYS,https://data.census.gov/cedsci/table?q=ACSST1Y2014.S1101&g=0400000US36_0500000US36069_0600000US3606928640&tid=ACSST5Y2014.S1101&hidePreview=true&moe=false,2014,Single father,145809,26.7,38931,0.087,14.9,21726,60657,0.072,Omitted
NYS,https://data.census.gov/cedsci/table?q=ACSST1Y2014.S1101&g=0400000US36_0500000US36069_0600000US3606928640&tid=ACSST5Y2014.S1101&hidePreview=true&moe=false,2014,Single mother,548971,18.1,99364,0.222,18.4,101011,200375,0.239,Omitted
Ontario,https://data.census.gov/cedsci/table?q=ACSST1Y2014.S1101&g=0400000US36_0500000US36069_0600000US3606928640&tid=ACSST5Y2014.S1101&hidePreview=true&moe=false,2014,All,12031,19.4,2334,1,17.9,2154,4488,1,Omitted
Ontario,https://data.census.gov/cedsci/table?q=ACSST1Y2014.S1101&g=0400000US36_0500000US36069_0600000US3606928640&tid=ACSST5Y2014.S1101&hidePreview=true&moe=false,2014,Two parents,7976,20.6,1643,0.704,19.9,1587,3230,0.72,Omitted
Ontario,https://data.census.gov/cedsci/table?q=ACSST1Y2014.S1101&g=0400000US36_0500000US36069_0600000US3606928640&tid=ACSST5Y2014.S1101&hidePreview=true&moe=false,2014,Single father,1265,18.3,231,0.099,13.8,175,406,0.09,Omitted
Ontario,https://data.census.gov/cedsci/table?q=ACSST1Y2014.S1101&g=0400000US36_0500000US36069_0600000US3606928640&tid=ACSST5Y2014.S1101&hidePreview=true&moe=false,2014,Single mother,2790,16.2,452,0.194,13.9,388,840,0.187,Omitted
Geneva,https://data.census.gov/cedsci/table?q=ACSST1Y2014.S1101&g=0400000US36_0500000US36069_0600000US3606928640&tid=ACSST5Y2014.S1101&hidePreview=true&moe=false,2014,All,1133,13.9,157,1,18.7,212,369,1,Omitted
Geneva,https://data.census.gov/cedsci/table?q=ACSST1Y2014.S1101&g=0400000US36_0500000US36069_0600000US3606928640&tid=ACSST5Y2014.S1101&hidePreview=true&moe=false,2014,Two parents,510,14.7,75,0.478,14.5,74,149,0.404,Omitted
Geneva,https://data.census.gov/cedsci/table?q=ACSST1Y2014.S1101&g=0400000US36_0500000US36069_0600000US3606928640&tid=ACSST5Y2014.S1101&hidePreview=true&moe=false,2014,Single father,141,19.9,28,0.178,8.5,12,40,0.108,Omitted
Geneva,https://data.census.gov/cedsci/table?q=ACSST1Y2014.S1101&g=0400000US36_0500000US36069_0600000US3606928640&tid=ACSST5Y2014.S1101&hidePreview=true&moe=false,2014,Single mother,482,11.4,55,0.35,26.1,126,181,0.49,Omitted
NYS,https://data.census.gov/cedsci/table?q=ACSST1Y2011.S1101&g=0400000US36_0500000US36069_0600000US3606928640&tid=ACSST5Y2011.S1101&hidePreview=true&moe=false,2011,All,2118154,22,465994,1,19.2,406686,872680,1,Omitted
NYS,https://data.census.gov/cedsci/table?q=ACSST1Y2011.S1101&g=0400000US36_0500000US36069_0600000US3606928640&tid=ACSST5Y2011.S1101&hidePreview=true&moe=false,2011,Two parents,1405328,23.2,326036,0.7,20.3,285282,611318,0.701,Omitted
NYS,https://data.census.gov/cedsci/table?q=ACSST1Y2011.S1101&g=0400000US36_0500000US36069_0600000US3606928640&tid=ACSST5Y2011.S1101&hidePreview=true&moe=false,2011,Single father,145834,27.1,39521,0.085,14.5,21146,60667,0.07,Omitted
NYS,https://data.census.gov/cedsci/table?q=ACSST1Y2011.S1101&g=0400000US36_0500000US36069_0600000US3606928640&tid=ACSST5Y2011.S1101&hidePreview=true&moe=false,2011,Single mother,566992,17.9,101492,0.218,17.6,99791,201283,0.231,Omitted
Ontario,https://data.census.gov/cedsci/table?q=ACSST1Y2011.S1101&g=0400000US36_0500000US36069_0600000US3606928640&tid=ACSST5Y2011.S1101&hidePreview=true&moe=false,2011,All,12350,18,2223,1,17.2,2124,4347,1,Omitted
Ontario,https://data.census.gov/cedsci/table?q=ACSST1Y2011.S1101&g=0400000US36_0500000US36069_0600000US3606928640&tid=ACSST5Y2011.S1101&hidePreview=true&moe=false,2011,Two parents,8707,18.1,1576,0.709,18.4,1602,3178,0.731,Omitted
Ontario,https://data.census.gov/cedsci/table?q=ACSST1Y2011.S1101&g=0400000US36_0500000US36069_0600000US3606928640&tid=ACSST5Y2011.S1101&hidePreview=true&moe=false,2011,Single father,1147,31.6,362,0.163,10.5,120,482,0.111,Omitted
Ontario,https://data.census.gov/cedsci/table?q=ACSST1Y2011.S1101&g=0400000US36_0500000US36069_0600000US3606928640&tid=ACSST5Y2011.S1101&hidePreview=true&moe=false,2011,Single mother,2496,11.5,287,0.129,16.2,404,691,0.159,Omitted
Geneva,https://data.census.gov/cedsci/table?q=ACSST1Y2011.S1101&g=0400000US36_0500000US36069_0600000US3606928640&tid=ACSST5Y2011.S1101&hidePreview=true&moe=false,2011,All,1195,19.2,229,1,19.6,234,463,1,Omitted
Geneva,https://data.census.gov/cedsci/table?q=ACSST1Y2011.S1101&g=0400000US36_0500000US36069_0600000US3606928640&tid=ACSST5Y2011.S1101&hidePreview=true&moe=false,2011,Two parents,564,20.7,117,0.511,19.9,112,229,0.495,Omitted
Geneva,https://data.census.gov/cedsci/table?q=ACSST1Y2011.S1101&g=0400000US36_0500000US36069_0600000US3606928640&tid=ACSST5Y2011.S1101&hidePreview=true&moe=false,2011,Single father,90,34.4,31,0.135,0,0,31,0.067,Omitted
Geneva,https://data.census.gov/cedsci/table?q=ACSST1Y2011.S1101&g=0400000US36_0500000US36069_0600000US3606928640&tid=ACSST5Y2011.S1101&hidePreview=true&moe=false,2011,Single mother,541,15.2,82,0.358,22.6,122,204,0.441,Omitted
NYS,"https://data.census.gov/cedsci/table?q=HOUSEHOLDS%20AND%20FAMILIES%20%20New%20York%20State%20Ontario%20County,%20NY%20%20%20,%20NY&g=0500000US36069_1600000US3628640_0400000US36&lastDisplayedRow=25&table=S1101&tid=ACSST5Y2018.S1101&vintage=2018&mode=",2016,All,1974252,21.9,432361,1,19.2,379056,811417,1,Omitted
NYS,"https://data.census.gov/cedsci/table?q=HOUSEHOLDS%20AND%20FAMILIES%20%20New%20York%20State%20Ontario%20County,%20NY%20%20%20,%20NY&g=0500000US36069_1600000US3628640_0400000US36&lastDisplayedRow=25&table=S1101&tid=ACSST5Y2018.S1101&vintage=2018&mode=",2016,Two parents,1307308,23.1,301988,0.698,20,261462,563450,0.694,Omitted
NYS,"https://data.census.gov/cedsci/table?q=HOUSEHOLDS%20AND%20FAMILIES%20%20New%20York%20State%20Ontario%20County,%20NY%20%20%20,%20NY&g=0500000US36069_1600000US3628640_0400000US36&lastDisplayedRow=25&table=S1101&tid=ACSST5Y2018.S1101&vintage=2018&mode=",2016,Single father,146576,25.5,37377,0.086,14.5,21254,58631,0.072,Omitted
NYS,"https://data.census.gov/cedsci/table?q=HOUSEHOLDS%20AND%20FAMILIES%20%20New%20York%20State%20Ontario%20County,%20NY%20%20%20,%20NY&g=0500000US36069_1600000US3628640_0400000US36&lastDisplayedRow=25&table=S1101&tid=ACSST5Y2018.S1101&vintage=2018&mode=",2016,Single mother,520368,17.7,92105,0.213,18.3,95227,187332,0.231,Omitted
Ontario,"https://data.census.gov/cedsci/table?q=HOUSEHOLDS%20AND%20FAMILIES%20%20New%20York%20State%20Ontario%20County,%20NY%20%20%20,%20NY&g=0500000US36069_1600000US3628640_0400000US36&lastDisplayedRow=25&table=S1101&tid=ACSST5Y2018.S1101&vintage=2018&mode=",2016,All,11717,20.7,2425,1,17,1992,4417,1,Omitted
Ontario,"https://data.census.gov/cedsci/table?q=HOUSEHOLDS%20AND%20FAMILIES%20%20New%20York%20State%20Ontario%20County,%20NY%20%20%20,%20NY&g=0500000US36069_1600000US3628640_0400000US36&lastDisplayedRow=25&table=S1101&tid=ACSST5Y2018.S1101&vintage=2018&mode=",2016,Two parents,7783,22.3,1736,0.716,18.4,1432,3168,0.717,Omitted
Ontario,"https://data.census.gov/cedsci/table?q=HOUSEHOLDS%20AND%20FAMILIES%20%20New%20York%20State%20Ontario%20County,%20NY%20%20%20,%20NY&g=0500000US36069_1600000US3628640_0400000US36&lastDisplayedRow=25&table=S1101&tid=ACSST5Y2018.S1101&vintage=2018&mode=",2016,Single father,1129,17.4,196,0.081,12.9,146,342,0.077,Omitted
Ontario,"https://data.census.gov/cedsci/table?q=HOUSEHOLDS%20AND%20FAMILIES%20%20New%20York%20State%20Ontario%20County,%20NY%20%20%20,%20NY&g=0500000US36069_1600000US3628640_0400000US36&lastDisplayedRow=25&table=S1101&tid=ACSST5Y2018.S1101&vintage=2018&mode=",2016,Single mother,2805,17.5,491,0.202,14.6,410,901,0.204,Omitted
Geneva,"https://data.census.gov/cedsci/table?q=HOUSEHOLDS%20AND%20FAMILIES%20%20New%20York%20State%20Ontario%20County,%20NY%20%20%20,%20NY&g=0500000US36069_1600000US3628640_0400000US36&lastDisplayedRow=25&table=S1101&tid=ACSST5Y2018.S1101&vintage=2018&mode=",2016,All,1199,22.4,269,1,23.9,287,556,1,Omitted
Geneva,"https://data.census.gov/cedsci/table?q=HOUSEHOLDS%20AND%20FAMILIES%20%20New%20York%20State%20Ontario%20County,%20NY%20%20%20,%20NY&g=0500000US36069_1600000US3628640_0400000US36&lastDisplayedRow=25&table=S1101&tid=ACSST5Y2018.S1101&vintage=2018&mode=",2016,Two parents,598,22.9,137,0.509,23.1,138,275,0.495,Omitted
Geneva,"https://data.census.gov/cedsci/table?q=HOUSEHOLDS%20AND%20FAMILIES%20%20New%20York%20State%20Ontario%20County,%20NY%20%20%20,%20NY&g=0500000US36069_1600000US3628640_0400000US36&lastDisplayedRow=25&table=S1101&tid=ACSST5Y2018.S1101&vintage=2018&mode=",2016,Single father,138,33.3,46,0.171,17.4,24,70,0.126,Omitted
Geneva,"https://data.census.gov/cedsci/table?q=HOUSEHOLDS%20AND%20FAMILIES%20%20New%20York%20State%20Ontario%20County,%20NY%20%20%20,%20NY&g=0500000US36069_1600000US3628640_0400000US36&lastDisplayedRow=25&table=S1101&tid=ACSST5Y2018.S1101&vintage=2018&mode=",2016,Single mother,463,18.6,86,0.32,27,125,211,0.38,Omitted
NYS,"https://data.census.gov/cedsci/table?q=HOUSEHOLDS%20AND%20FAMILIES%20%20New%20York%20State%20Ontario%20County,%20NY%20%20%20,%20NY&g=0500000US36069_1600000US3628640_0400000US36&lastDisplayedRow=25&table=S1101&tid=ACSST5Y2018.S1101&vintage=2018&mode=",2017,All,1950536,21.9,427167,1,19.2,374503,801670,1,Omitted
NYS,"https://data.census.gov/cedsci/table?q=HOUSEHOLDS%20AND%20FAMILIES%20%20New%20York%20State%20Ontario%20County,%20NY%20%20%20,%20NY&g=0500000US36069_1600000US3628640_0400000US36&lastDisplayedRow=25&table=S1101&tid=ACSST5Y2018.S1101&vintage=2018&mode=",2017,Two parents,1301143,23.3,303166,0.71,20.1,261530,564696,0.704,Omitted
NYS,"https://data.census.gov/cedsci/table?q=HOUSEHOLDS%20AND%20FAMILIES%20%20New%20York%20State%20Ontario%20County,%20NY%20%20%20,%20NY&g=0500000US36069_1600000US3628640_0400000US36&lastDisplayedRow=25&table=S1101&tid=ACSST5Y2018.S1101&vintage=2018&mode=",2017,Single father,144295,25.9,37372,0.087,14.4,20778,58150,0.073,Omitted
NYS,"https://data.census.gov/cedsci/table?q=HOUSEHOLDS%20AND%20FAMILIES%20%20New%20York%20State%20Ontario%20County,%20NY%20%20%20,%20NY&g=0500000US36069_1600000US3628640_0400000US36&lastDisplayedRow=25&table=S1101&tid=ACSST5Y2018.S1101&vintage=2018&mode=",2017,Single mother,505098,17.4,87887,0.206,18.2,91928,179815,0.224,Omitted
Ontario,"https://data.census.gov/cedsci/table?q=HOUSEHOLDS%20AND%20FAMILIES%20%20New%20York%20State%20Ontario%20County,%20NY%20%20%20,%20NY&g=0500000US36069_1600000US3628640_0400000US36&lastDisplayedRow=25&table=S1101&tid=ACSST5Y2018.S1101&vintage=2018&mode=",2017,All,11513,20.8,2395,1,17.2,1980,4375,1,Omitted
Ontario,"https://data.census.gov/cedsci/table?q=HOUSEHOLDS%20AND%20FAMILIES%20%20New%20York%20State%20Ontario%20County,%20NY%20%20%20,%20NY&g=0500000US36069_1600000US3628640_0400000US36&lastDisplayedRow=25&table=S1101&tid=ACSST5Y2018.S1101&vintage=2018&mode=",2017,Two parents,7838,21.4,1677,0.7,17.9,1403,3080,0.704,Omitted
Ontario,"https://data.census.gov/cedsci/table?q=HOUSEHOLDS%20AND%20FAMILIES%20%20New%20York%20State%20Ontario%20County,%20NY%20%20%20,%20NY&g=0500000US36069_1600000US3628640_0400000US36&lastDisplayedRow=25&table=S1101&tid=ACSST5Y2018.S1101&vintage=2018&mode=",2017,Single father,1000,23,230,0.096,8.2,82,312,0.071,Omitted
Ontario,"https://data.census.gov/cedsci/table?q=HOUSEHOLDS%20AND%20FAMILIES%20%20New%20York%20State%20Ontario%20County,%20NY%20%20%20,%20NY&g=0500000US36069_1600000US3628640_0400000US36&lastDisplayedRow=25&table=S1101&tid=ACSST5Y2018.S1101&vintage=2018&mode=",2017,Single mother,2675,18.1,484,0.202,18.4,492,976,0.223,Omitted
Geneva,"https://data.census.gov/cedsci/table?q=HOUSEHOLDS%20AND%20FAMILIES%20%20New%20York%20State%20Ontario%20County,%20NY%20%20%20,%20NY&g=0500000US36069_1600000US3628640_0400000US36&lastDisplayedRow=25&table=S1101&tid=ACSST5Y2018.S1101&vintage=2018&mode=",2017,All,1180,25.9,306,1,21.5,254,560,1,Omitted
Geneva,"https://data.census.gov/cedsci/table?q=HOUSEHOLDS%20AND%20FAMILIES%20%20New%20York%20State%20Ontario%20County,%20NY%20%20%20,%20NY&g=0500000US36069_1600000US3628640_0400000US36&lastDisplayedRow=25&table=S1101&tid=ACSST5Y2018.S1101&vintage=2018&mode=",2017,Two parents,599,24.4,146,0.477,19.9,119,265,0.474,Omitted
Geneva,"https://data.census.gov/cedsci/table?q=HOUSEHOLDS%20AND%20FAMILIES%20%20New%20York%20State%20Ontario%20County,%20NY%20%20%20,%20NY&g=0500000US36069_1600000US3628640_0400000US36&lastDisplayedRow=25&table=S1101&tid=ACSST5Y2018.S1101&vintage=2018&mode=",2017,Single father,116,25.9,30,0.098,0,0,30,0.054,Omitted
Geneva,"https://data.census.gov/cedsci/table?q=HOUSEHOLDS%20AND%20FAMILIES%20%20New%20York%20State%20Ontario%20County,%20NY%20%20%20,%20NY&g=0500000US36069_1600000US3628640_0400000US36&lastDisplayedRow=25&table=S1101&tid=ACSST5Y2018.S1101&vintage=2018&mode=",2017,Single mother,465,28,130,0.425,29,135,265,0.473,Omitted
NYS,"https://data.census.gov/cedsci/table?q=HOUSEHOLDS%20AND%20FAMILIES%20%20New%20York%20State%20Ontario%20County,%20NY%20%20%20,%20NY&g=0500000US36069_1600000US3628640_0400000US36&lastDisplayedRow=25&table=S1101&tid=ACSST5Y2018.S1101&vintage=2018&mode=",2018,All,1925149,21.8,419682,1,19.3,371554,791236,1,2018-2021
NYS,"https://data.census.gov/cedsci/table?q=HOUSEHOLDS%20AND%20FAMILIES%20%20New%20York%20State%20Ontario%20County,%20NY%20%20%20,%20NY&g=0500000US36069_1600000US3628640_0400000US36&lastDisplayedRow=25&table=S1101&tid=ACSST5Y2018.S1101&vintage=2018&mode=",2018,Two parents,1288854,23.2,299014,0.712,20.3,261637,560651,0.709,2018-2021
NYS,"https://data.census.gov/cedsci/table?q=HOUSEHOLDS%20AND%20FAMILIES%20%20New%20York%20State%20Ontario%20County,%20NY%20%20%20,%20NY&g=0500000US36069_1600000US3628640_0400000US36&lastDisplayedRow=25&table=S1101&tid=ACSST5Y2018.S1101&vintage=2018&mode=",2018,Single father,143895,26.1,37557,0.089,14.7,21153,58710,0.074,2018-2021
NYS,"https://data.census.gov/cedsci/table?q=HOUSEHOLDS%20AND%20FAMILIES%20%20New%20York%20State%20Ontario%20County,%20NY%20%20%20,%20NY&g=0500000US36069_1600000US3628640_0400000US36&lastDisplayedRow=25&table=S1101&tid=ACSST5Y2018.S1101&vintage=2018&mode=",2018,Single mother,492400,17.1,84200,0.201,18.1,89124,173324,0.219,2018-2021
Ontario,"https://data.census.gov/cedsci/table?q=HOUSEHOLDS%20AND%20FAMILIES%20%20New%20York%20State%20Ontario%20County,%20NY%20%20%20,%20NY&g=0500000US36069_1600000US3628640_0400000US36&lastDisplayedRow=25&table=S1101&tid=ACSST5Y2018.S1101&vintage=2018&mode=",2018,All,11243,19,2136,1,18.3,2057,4193,1,2018-2021
Ontario,"https://data.census.gov/cedsci/table?q=HOUSEHOLDS%20AND%20FAMILIES%20%20New%20York%20State%20Ontario%20County,%20NY%20%20%20,%20NY&g=0500000US36069_1600000US3628640_0400000US36&lastDisplayedRow=25&table=S1101&tid=ACSST5Y2018.S1101&vintage=2018&mode=",2018,Two parents,7704,19.9,1533,0.718,19.3,1487,3020,0.72,2018-2021
Ontario,"https://data.census.gov/cedsci/table?q=HOUSEHOLDS%20AND%20FAMILIES%20%20New%20York%20State%20Ontario%20County,%20NY%20%20%20,%20NY&g=0500000US36069_1600000US3628640_0400000US36&lastDisplayedRow=25&table=S1101&tid=ACSST5Y2018.S1101&vintage=2018&mode=",2018,Single father,1049,25.5,267,0.125,12.3,129,396,0.094,2018-2021
Ontario,"https://data.census.gov/cedsci/table?q=HOUSEHOLDS%20AND%20FAMILIES%20%20New%20York%20State%20Ontario%20County,%20NY%20%20%20,%20NY&g=0500000US36069_1600000US3628640_0400000US36&lastDisplayedRow=25&table=S1101&tid=ACSST5Y2018.S1101&vintage=2018&mode=",2018,Single mother,2490,13.7,341,0.16,17.8,443,784,0.187,2018-2021
Geneva,"https://data.census.gov/cedsci/table?q=HOUSEHOLDS%20AND%20FAMILIES%20%20New%20York%20State%20Ontario%20County,%20NY%20%20%20,%20NY&g=0500000US36069_1600000US3628640_0400000US36&lastDisplayedRow=25&table=S1101&tid=ACSST5Y2018.S1101&vintage=2018&mode=",2018,All,1212,23.8,288,1,21,255,543,1,2018-2021
Geneva,"https://data.census.gov/cedsci/table?q=HOUSEHOLDS%20AND%20FAMILIES%20%20New%20York%20State%20Ontario%20County,%20NY%20%20%20,%20NY&g=0500000US36069_1600000US3628640_0400000US36&lastDisplayedRow=25&table=S1101&tid=ACSST5Y2018.S1101&vintage=2018&mode=",2018,Two parents,611,26.7,163,0.566,21.6,132,295,0.544,2018-2021
Geneva,"https://data.census.gov/cedsci/table?q=HOUSEHOLDS%20AND%20FAMILIES%20%20New%20York%20State%20Ontario%20County,%20NY%20%20%20,%20NY&g=0500000US36069_1600000US3628640_0400000US36&lastDisplayedRow=25&table=S1101&tid=ACSST5Y2018.S1101&vintage=2018&mode=",2018,Single father,125,30.4,38,0.132,0,0,38,0.07,2018-2021
Geneva,"https://data.census.gov/cedsci/table?q=HOUSEHOLDS%20AND%20FAMILIES%20%20New%20York%20State%20Ontario%20County,%20NY%20%20%20,%20NY&g=0500000US36069_1600000US3628640_0400000US36&lastDisplayedRow=25&table=S1101&tid=ACSST5Y2018.S1101&vintage=2018&mode=",2018,Single mother,476,18.5,88,0.306,25.8,123,211,0.389,2018-2021
NYS,https://data.census.gov/cedsci/table?q=ACSST1Y2019.S1101&g=0400000US36_0500000US36069_0600000US3606928640&tid=ACSST5Y2019.S1101&hidePreview=true,2019,All,1904831,22.1,420968,1,19.2,365728,786696,1,2018-2021
NYS,https://data.census.gov/cedsci/table?q=ACSST1Y2019.S1101&g=0400000US36_0500000US36069_0600000US3606928640&tid=ACSST5Y2019.S1101&hidePreview=true,2019,Two parents,1280629,23.5,300948,0.715,20.2,258687,559635,0.711,2018-2021
NYS,https://data.census.gov/cedsci/table?q=ACSST1Y2019.S1101&g=0400000US36_0500000US36069_0600000US3606928640&tid=ACSST5Y2019.S1101&hidePreview=true,2019,Single father,142998,25.5,36464,0.087,14.9,21307,57771,0.073,2018-2021
NYS,https://data.census.gov/cedsci/table?q=ACSST1Y2019.S1101&g=0400000US36_0500000US36069_0600000US3606928640&tid=ACSST5Y2019.S1101&hidePreview=true,2019,Single mother,481204,17.4,83729,0.199,17.9,86136,169865,0.216,2018-2021
Ontario,https://data.census.gov/cedsci/table?q=ACSST1Y2019.S1101&g=0400000US36_0500000US36069_0600000US3606928640&tid=ACSST5Y2019.S1101&hidePreview=true,2019,All,11404,20.6,2349,1,19,2167,4516,1,2018-2021
Ontario,https://data.census.gov/cedsci/table?q=ACSST1Y2019.S1101&g=0400000US36_0500000US36069_0600000US3606928640&tid=ACSST5Y2019.S1101&hidePreview=true,2019,Two parents,7637,21.4,1634,0.696,19.5,1489,3123,0.692,2018-2021
Ontario,https://data.census.gov/cedsci/table?q=ACSST1Y2019.S1101&g=0400000US36_0500000US36069_0600000US3606928640&tid=ACSST5Y2019.S1101&hidePreview=true,2019,Single father,1113,28.3,315,0.134,9.7,108,423,0.094,2018-2021
Ontario,https://data.census.gov/cedsci/table?q=ACSST1Y2019.S1101&g=0400000US36_0500000US36069_0600000US3606928640&tid=ACSST5Y2019.S1101&hidePreview=true,2019,Single mother,2654,15.1,401,0.171,21.7,576,977,0.216,2018-2021
Geneva,https://data.census.gov/cedsci/table?q=ACSST1Y2019.S1101&g=0400000US36_0500000US36069_0600000US3606928640&tid=ACSST5Y2019.S1101&hidePreview=true,2019,All,1149,29.7,341,1,22.7,261,602,1,2018-2021
Geneva,https://data.census.gov/cedsci/table?q=ACSST1Y2019.S1101&g=0400000US36_0500000US36069_0600000US3606928640&tid=ACSST5Y2019.S1101&hidePreview=true,2019,Two parents,571,29.2,167,0.49,20.1,115,282,0.468,2018-2021
Geneva,https://data.census.gov/cedsci/table?q=ACSST1Y2019.S1101&g=0400000US36_0500000US36069_0600000US3606928640&tid=ACSST5Y2019.S1101&hidePreview=true,2019,Single father,117,39.3,46,0.135,0,0,46,0.076,2018-2021
Geneva,https://data.census.gov/cedsci/table?q=ACSST1Y2019.S1101&g=0400000US36_0500000US36069_0600000US3606928640&tid=ACSST5Y2019.S1101&hidePreview=true,2019,Single mother,461,27.8,128,0.375,31.7,146,274,0.456,2018-2021
NYS,https://data.census.gov/cedsci/table?q=s1101&g=0400000US36_0500000US36069_1600000US3628640&tid=ACSST5Y2020.S1101&moe=false,2020,All,1899744,22.3,423643,1,18.9,359052,782695,1,2018-2021
NYS,https://data.census.gov/cedsci/table?q=s1101&g=0400000US36_0500000US36069_1600000US3628640&tid=ACSST5Y2020.S1101&moe=false,2020,Two parents,1282898,23.8,305330,0.721,20.1,257862,563192,0.72,2018-2021
NYS,https://data.census.gov/cedsci/table?q=s1101&g=0400000US36_0500000US36069_1600000US3628640&tid=ACSST5Y2020.S1101&moe=false,2020,Single father,140418,25.8,36228,0.086,14.3,20080,56308,0.072,2018-2021
NYS,https://data.census.gov/cedsci/table?q=s1101&g=0400000US36_0500000US36069_1600000US3628640&tid=ACSST5Y2020.S1101&moe=false,2020,Single mother,476428,17.1,81469,0.192,17.2,81946,163415,0.209,2018-2021
Ontario,https://data.census.gov/cedsci/table?q=s1101&g=0400000US36_0500000US36069_1600000US3628640&tid=ACSST5Y2020.S1101&moe=false,2020,All,12056,21.4,2580,1,18.9,2279,4859,1,2018-2021
Ontario,https://data.census.gov/cedsci/table?q=s1101&g=0400000US36_0500000US36069_1600000US3628640&tid=ACSST5Y2020.S1101&moe=false,2020,Two parents,7731,22.4,1732,0.641,19,1469,3201,0.659,2018-2021
Ontario,https://data.census.gov/cedsci/table?q=s1101&g=0400000US36_0500000US36069_1600000US3628640&tid=ACSST5Y2020.S1101&moe=false,2020,Single father,1095,32.5,356,0.091,9.5,104,460,0.095,2018-2021
Ontario,https://data.census.gov/cedsci/table?q=s1101&g=0400000US36_0500000US36069_1600000US3628640&tid=ACSST5Y2020.S1101&moe=false,2020,Single mother,3320,15.1,501,0.275,21.8,724,1225,0.252,2018-2021
Geneva,https://data.census.gov/cedsci/table?q=s1101&g=0400000US36_0500000US36069_1600000US3628640&tid=ACSST5Y2020.S1101&moe=false,2020,All,1025,27.6,283,1,23.3,239,522,1,2018-2021
Geneva,https://data.census.gov/cedsci/table?q=s1101&g=0400000US36_0500000US36069_1600000US3628640&tid=ACSST5Y2020.S1101&moe=false,2020,Two parents,459,32.5,149,0.527,18.7,86,235,0.45,2018-2021
Geneva,https://data.census.gov/cedsci/table?q=s1101&g=0400000US36_0500000US36069_1600000US3628640&tid=ACSST5Y2020.S1101&moe=false,2020,Single father,95,32.6,31,0.11,0,0,31,0.059,2018-2021
Geneva,https://data.census.gov/cedsci/table?q=s1101&g=0400000US36_0500000US36069_1600000US3628640&tid=ACSST5Y2020.S1101&moe=false,2020,Single mother,471,21.9,103,0.364,32.5,153,256,0.49,2018-2021
NYS,https://data.census.gov/table?q=s1101&g=0400000US36_0500000US36069_1600000US3628640&tid=ACSST5Y2021.S1101&moe=false,2021,All,1907166,21.8,415762,1,18.9,360454,776216,1,2018-2021
NYS,https://data.census.gov/table?q=s1101&g=0400000US36_0500000US36069_1600000US3628640&tid=ACSST5Y2021.S1101&moe=false,2021,Two parents,1286085,23.4,300944,0.724,20.1,258503,559447,0.721,2018-2021
NYS,https://data.census.gov/table?q=s1101&g=0400000US36_0500000US36069_1600000US3628640&tid=ACSST5Y2021.S1101&moe=false,2021,Single father,143470,25.3,36298,0.087,14.3,20516,56814,0.073,2018-2021
NYS,https://data.census.gov/table?q=s1101&g=0400000US36_0500000US36069_1600000US3628640&tid=ACSST5Y2021.S1101&moe=false,2021,Single mother,477611,16.4,78328,0.188,17,81194,159522,0.206,2018-2021
Ontario,https://data.census.gov/table?q=s1101&g=0400000US36_0500000US36069_1600000US3628640&tid=ACSST5Y2021.S1101&moe=false,2021,All,12139,22.5,2731,1,19.2,2331,5062,1,2018-2021
Ontario,https://data.census.gov/table?q=s1101&g=0400000US36_0500000US36069_1600000US3628640&tid=ACSST5Y2021.S1101&moe=false,2021,Two parents,8122,22.8,1852,0.678,20.8,1689,3541,0.7,2018-2021
Ontario,https://data.census.gov/table?q=s1101&g=0400000US36_0500000US36069_1600000US3628640&tid=ACSST5Y2021.S1101&moe=false,2021,Single father,1087,35.6,387,0.142,7.5,82,469,0.093,2018-2021
Ontario,https://data.census.gov/table?q=s1101&g=0400000US36_0500000US36069_1600000US3628640&tid=ACSST5Y2021.S1101&moe=false,2021,Single mother,2930,16.8,492,0.18,19.2,563,1055,0.208,2018-2021
Geneva,https://data.census.gov/table?q=s1101&g=0400000US36_0500000US36069_1600000US3628640&tid=ACSST5Y2021.S1101&moe=false,2021,All,983,29.9,294,1,18.2,179,473,1,2018-2021
Geneva,https://data.census.gov/table?q=s1101&g=0400000US36_0500000US36069_1600000US3628640&tid=ACSST5Y2021.S1101&moe=false,2021,Two parents,496,35.1,174,0.592,18.8,93,267,0.564,2018-2021
Geneva,https://data.census.gov/table?q=s1101&g=0400000US36_0500000US36069_1600000US3628640&tid=ACSST5Y2021.S1101&moe=false,2021,Single father,90,30,27,0.092,0,0,27,0.057,2018-2021
Geneva,https://data.census.gov/table?q=s1101&g=0400000US36_0500000US36069_1600000US3628640&tid=ACSST5Y2021.S1101&moe=false,2021,Single mother,397,23.4,93,0.316,21.7,86,179,0.378,2018-2021
NYS,https://data.census.gov/table/ACSST5Y2022.S1101?q=s1101&g=160XX00US3628640_050XX00US36069_040XX00US36&moe=false&tid=ACSST5Y2022.S1101,2022,All,1904290,22,418944,1,18.8,358007,776950,1,2018-2021
NYS,https://data.census.gov/table/ACSST5Y2022.S1101?q=s1101&g=160XX00US3628640_050XX00US36069_040XX00US36&moe=false&tid=ACSST5Y2022.S1101,2022,Two parents,1289259,23.8,306844,0.732,19.9,256563,563406,0.725,2018-2021
NYS,https://data.census.gov/table/ACSST5Y2022.S1101?q=s1101&g=160XX00US3628640_050XX00US36069_040XX00US36&moe=false&tid=ACSST5Y2022.S1101,2022,Single father,145176,25.3,36730,0.088,14.5,21051,57780,0.074,2018-2021
NYS,https://data.census.gov/table/ACSST5Y2022.S1101?q=s1101&g=160XX00US3628640_050XX00US36069_040XX00US36&moe=false&tid=ACSST5Y2022.S1101,2022,Single mother,469855,16.6,77996,0.186,17,79875,157871,0.203,2018-2021
Ontario,https://data.census.gov/table/ACSST5Y2022.S1101?q=s1101&g=160XX00US3628640_050XX00US36069_040XX00US36&moe=false&tid=ACSST5Y2022.S1101,2022,All,11738,23.1,2711,1,18.3,2148,4860,1,2018-2021
Ontario,https://data.census.gov/table/ACSST5Y2022.S1101?q=s1101&g=160XX00US3628640_050XX00US36069_040XX00US36&moe=false&tid=ACSST5Y2022.S1101,2022,Two parents,7964,23.2,1848,0.681,20.5,1633,3480,0.716,2018-2021
Ontario,https://data.census.gov/table/ACSST5Y2022.S1101?q=s1101&g=160XX00US3628640_050XX00US36069_040XX00US36&moe=false&tid=ACSST5Y2022.S1101,2022,Single father,1093,36.4,398,0.147,8.7,95,493,0.101,2018-2021
Ontario,https://data.census.gov/table/ACSST5Y2022.S1101?q=s1101&g=160XX00US3628640_050XX00US36069_040XX00US36&moe=false&tid=ACSST5Y2022.S1101,2022,Single mother,2681,16.8,450,0.166,15.6,418,869,0.179,2018-2021
Geneva,https://data.census.gov/table/ACSST5Y2022.S1101?q=s1101&g=160XX00US3628640_050XX00US36069_040XX00US36&moe=false&tid=ACSST5Y2022.S1101,2022,All,978,31.4,307,1,20.8,203,511,1,2018-2021
Geneva,https://data.census.gov/table/ACSST5Y2022.S1101?q=s1101&g=160XX00US3628640_050XX00US36069_040XX00US36&moe=false&tid=ACSST5Y2022.S1101,2022,Two parents,492,38.6,190,0.618,23.6,116,306,0.599,2018-2021
Geneva,https://data.census.gov/table/ACSST5Y2022.S1101?q=s1101&g=160XX00US3628640_050XX00US36069_040XX00US36&moe=false&tid=ACSST5Y2022.S1101,2022,Single father,103,22.3,23,0.075,0,0,23,0.045,2018-2021
Geneva,https://data.census.gov/table/ACSST5Y2022.S1101?q=s1101&g=160XX00US3628640_050XX00US36069_040XX00US36&moe=false&tid=ACSST5Y2022.S1101,2022,Single mother,383,24.5,94,0.306,22.7,87,181,0.354,2018-2021
NYS,https://data.census.gov/table/ACSST5Y2022.S1101?q=s1101&g=160XX00US3628640_050XX00US36069_040XX00US36&moe=false&tid=ACSST5Y2022.S1101,2023,All,1888354,22,414996,1,18.5,349345,764231,1,sum of 3 lower entries
NYS,https://data.census.gov/table/ACSST5Y2022.S1101?q=s1101&g=160XX00US3628640_050XX00US36069_040XX00US36&moe=false&tid=ACSST5Y2022.S1101,2023,Two parents,1270627,23.8,302409,0.729,19.6,249043,551452,0.722,
NYS,https://data.census.gov/table/ACSST5Y2022.S1101?q=s1101&g=160XX00US3628640_050XX00US36069_040XX00US36&moe=false&tid=ACSST5Y2022.S1101,2023,Single father,148427,24,35622,0.086,14.7,21819,57441,0.075,
NYS,https://data.census.gov/table/ACSST5Y2022.S1101?q=s1101&g=160XX00US3628640_050XX00US36069_040XX00US36&moe=false&tid=ACSST5Y2022.S1101,2023,Single mother,469300,16.4,76965,0.185,16.7,78373,155338,0.203,
Ontario,https://data.census.gov/table/ACSST5Y2022.S1101?q=s1101&g=160XX00US3628640_050XX00US36069_040XX00US36&moe=false&tid=ACSST5Y2022.S1101,2023,All,11510,22.5,2594,1,18.6,2141,4728,1,
Ontario,https://data.census.gov/table/ACSST5Y2022.S1101?q=s1101&g=160XX00US3628640_050XX00US36069_040XX00US36&moe=false&tid=ACSST5Y2022.S1101,2023,Two parents,7754,25.3,1962,0.756,18.6,1442,3404,0.72,
Ontario,https://data.census.gov/table/ACSST5Y2022.S1101?q=s1101&g=160XX00US3628640_050XX00US36069_040XX00US36&moe=false&tid=ACSST5Y2022.S1101,2023,Single father,1094,21.5,235,0.091,13.2,144,379,0.08,
Ontario,https://data.census.gov/table/ACSST5Y2022.S1101?q=s1101&g=160XX00US3628640_050XX00US36069_040XX00US36&moe=false&tid=ACSST5Y2022.S1101,2023,Single mother,2662,14.9,397,0.153,20.6,548,945,0.2,
Geneva,https://data.census.gov/table/ACSST5Y2022.S1101?q=s1101&g=160XX00US3628640_050XX00US36069_040XX00US36&moe=false&tid=ACSST5Y2022.S1101,2023,All,2441,31.7,798,1,27.3,666,1434,1,
Geneva,https://data.census.gov/table/ACSST5Y2022.S1101?q=s1101&g=160XX00US3628640_050XX00US36069_040XX00US36&moe=false&tid=ACSST5Y2022.S1101,2023,Two parents,1435,41.9,601,0.753,27.7,397,998,0.696,
Geneva,https://data.census.gov/table/ACSST5Y2022.S1101?q=s1101&g=160XX00US3628640_050XX00US36069_040XX00US36&moe=false&tid=ACSST5Y2022.S1101,2023,Single father,312,10.3,32,0.04,0,0,32,0.022,
Geneva,https://data.census.gov/table/ACSST5Y2022.S1101?q=s1101&g=160XX00US3628640_050XX00US36069_040XX00US36&moe=false&tid=ACSST5Y2022.S1101,2023,Single mother,694,23.8,165,0.207,34.5,239,404,0.282,